{
  "random_state": 42,
  "targets": [
    "strength",
    "comfort",
    "sustainability",
    "breathability",
    "durability",
    "cost"
  ],
  "report": {
    "rows": 600,
    "features": 32,
    "metrics": {
      "strength": {
        "mae": 0.2362070621043183,
        "r2": 0.48320115305866784
      },
      "comfort": {
        "mae": 0.16240713991911912,
        "r2": 0.5399930589326243
      },
      "sustainability": {
        "mae": 0.27391515357854834,
        "r2": 0.7997524583816339
      },
      "breathability": {
        "mae": 0.4406161816586184,
        "r2": 0.6673781245357805
      },
      "durability": {
        "mae": 0.27387859671112746,
        "r2": 0.0010931946897265732
      },
      "cost": {
        "mae": 0.22161965692847102,
        "r2": 0.4802075063497505
      }
    },
    "source": "demo"
  },
  "feature_means": [
    99.06415531914907,
    98.98750534509783,
    6.75531914893617,
    1.6361702127659574,
    0.2148936170212766,
    0.2148936170212766,
    1.5446808510638297,
    0.0,
    0.0,
    0.9775781702127655,
    24.399617021276505,
    28.326786808510544,
    0.7276595744680852,
    1.3446808510638297,
    69.60537771194055,
    2.754608409329006,
    1.5219468465483141,
    0.726300236406619,
    5.4328826632761755,
    3.166922754421631,
    4.609682567417142,
    2.457045450128244,
    5.956773977580115,
    3.1236349879287975,
    75.08473685341438,
    0.22523218507261086,
    0.2640943229078581,
    0.2148936170212766,
    0.3351874366767979,
    0.026968085106382957,
    8.34243490743511,
    1.017750233684725
  ],
  "feature_stds": [
    44.726775070888266,
    44.68832066766797,
    3.0780145929339198,
    1.3920634510964942,
    0.4107485245071354,
    0.4107485245071354,
    1.8830496440544864,
    1.0,
    1.0,
    0.9529803221263585,
    22.02738338016413,
    12.07438889945461,
    0.9990851405926342,
    1.0680681527856846,
    83.85384973632205,
    0.5228819604894102,
    0.3589780534912385,
    0.3407652524228698,
    2.2743875515730347,
    1.4727282655182974,
    1.9311624462969457,
    1.142882926637938,
    2.7025918612455646,
    1.8627644122638962,
    275.1897681342295,
    0.22645791534081858,
    0.20476071081868635,
    0.4107485245071354,
    0.24058011806327376,
    0.053995520234093417,
    6.413400768997667,
    0.8734564130592414
  ]
}